runtime,avg_ms,min_ms,max_ms
pytorch,30.88163380161859,22.53430601558648,36.81300100288354
onnx,15.215746600006241,9.318171010818332,19.0923830086831
