{
  "mse": 0.49877386112135036,
  "rmse": 0.7062392378800192,
  "mae": 0.5122144859534017,
  "r2": 0.7089396219412848
}